{"w1": [[1.1038526426887305, -0.05525248671192854, -1.318596768590913, 1.3490556925270534, 1.7470659445477097, -0.6684317648525153, 1.4395862816322458, -0.32293014699744244], [-0.011652505285030168, 0.3753852841519375, -1.484064277626627, 1.3005988347936754, 0.6946463528255519, 0.06821361279715499, 0.7354048395726562, -0.1148688245585979], [0.9929152115781815, -0.7231141209418553, -1.4559338285442744, -0.41550433732827363, -2.316764810706361, -0.18808254833395965, 0.5263755867700647, -1.6531071816214127], [1.9610708642875099, -0.8531330654134478, -1.4380303206480989, -0.4710425077780032, 1.5855163957100329, 1.5534848965222068, -0.5975637946449356, 0.321983647383609], [-0.19612003870356215, -1.8761799336610292, -1.587345276598055, -0.37793248907206367, 1.3401645751122342, 1.8678222474326844, 0.676945372090808, -1.231088639021843], [0.5008678057201953, -1.4944119140742158, -2.0407084558976876, 2.4921175358386463, -0.4681608531908578, -0.06608898716326306, 0.6387310264131365, 0.09731461091841778], [-1.4524459309496744, -0.7192122054931532, -1.5992329602610906, -0.28652514926838757, -0.3713698009113517, -1.188835841916875, 0.11941114040058712, 0.8668839664554835], [-0.5372574962157056, -0.6668418280124503, -0.8500512530946943, 0.19930497736122046, -0.7218907198316125, 0.1536909394675524, -0.38833147834297455, -2.905055941898696], [0.08769676573535341, -0.6364654959674164, -1.8047669361088943, 0.9126469828492729, -0.8269045687137521, -0.5594442756196965, 0.0915909191093171, 0.6543486089604887], [0.4466712365723111, -2.13239914859059, -1.101769912519339, -0.38880302574160064, -0.8750011652751782, -0.8100720001905323, -0.883745168717422, 0.5907294477822276], [-0.957610019382441, 0.8492141486066412, -1.1234256792202422, -1.0916522345324722, 1.6633270450541644, 2.283461474879848, 0.8801388314983746, 0.07931921697171433], [-2.4027501693953295, 0.9199541799226135, -1.5610759246498134, 1.872698460672901, 0.13560861065928603, 0.7043935622666411, -0.34612003214328496, 0.6502868831325183], [-0.27889964768085845, 1.0973779944730842, -1.0990679545861608, -0.1947171585100727, 2.013978309467036, -0.9275097149367294, -2.195093704658898, 0.24872012928994333]], "w2": [[-2.4169503497504414, 1.74031715799152, 1.0335119915342925], [-0.33928065285423376, 1.0166320562422366, 1.978650603086037], [2.4515967500834344, 2.434385845432443, -2.973604661868634], [1.8517733541220243, 1.5184905359220933, -0.9257459121000665], [0.35479910378538987, 0.9598366407613079, 0.09168550048229436], [-1.254737653655577, 2.105851699610019, -0.6518826338164819], [-2.263697152342741, 1.427592687342049, 1.7661606761624256], [-0.33252175763944536, -0.8818899751815621, 2.4788873692510296]]}