{"w1": [[1.0058216653802337, -0.04036792497179277, -1.7920562015690487, -0.051177257729884615, 1.7532192588660014, -0.5217154027624933, 1.7979161040999934, -1.2034490921482048], [0.1749087898837787, 0.3620669175930427, -1.874887805903868, 1.9772603420254709, 0.6521194741333767, -0.09992423519970738, 0.6594972741535804, 0.09282552474565853], [1.2732723096245935, -0.5423064504095312, -1.7602420476196907, -0.24635000317794353, -2.036881947858901, -0.09210916480022573, 0.6283752113589411, -1.9529422192355241], [1.891454961694385, -0.48819260928608804, -1.7614913769043894, -0.3832095649103134, 1.6316350412762881, 1.5099468443998962, -0.9212648714306272, 0.3132110696397162], [-0.6081876552809681, -1.834846455200714, -2.0504704150207225, -0.5366844076152726, 1.4563795288062864, 2.0256665378395624, 0.9422397886878398, -0.6579858491718844], [0.8831042070580285, -1.676444091835716, -2.1872242066533727, 2.7754935433011916, -0.5502497197474435, -0.32567596579987634, 0.8264499155369694, 0.22644061940941776], [-1.165721938819481, -0.9731085881041847, -1.7490087198644917, -0.3778675130477911, -0.17406599374467047, -1.5930336957472415, 0.07778328440503504, 1.114345600744619], [-0.5526149788777919, -0.7028513211227332, -0.8422042030217467, 0.2609201494471977, -0.7166231560336621, 0.4083101773084495, -0.31893574258115837, -3.220559383138878], [0.11228359850552949, -0.8470104391087251, -1.8973576319676704, 1.5794852398422528, -0.6390642372899228, -0.7661863649092228, 0.45364724691895797, 0.8740291301497221], [0.13898454494354917, -2.3312934914003267, -1.380356695584708, -0.7447484351285395, -0.7660175860238346, -0.9733180233727241, -1.3356340369984538, 0.9684203727629377], [-0.7918198586490244, 0.9145381198506669, -1.219696305659076, -0.521180029946655, 1.728286724455358, 2.3979731534827344, 0.7593723414447111, -0.027032627126247977], [-2.354385129294831, 0.8812803177815616, -1.9444669965670267, 2.0928970107206246, 0.050221596755609166, 0.6222824469292711, -0.23339889002303418, 0.7109582197295368], [0.14886645380911334, 1.212544233037047, -1.3492467041391905, -0.1904911695364593, 2.232009818068354, -0.8173167315537083, -2.4577925470012776, 0.09470957572848458]], 
"w2": [[-2.9061059265061786, 2.173049176167022, 1.0899355501145358], [-0.9460727995206462, 0.8719589252351015, 2.7301158807595725], [2.898016197547478, 3.7431356626070373, -4.728773926507255], [2.401087208303651, 2.3556493027647876, -2.3122185331243523], [0.524870655383531, 1.1671624431422192, -0.28571185349674416], [-2.016433219720276, 2.7700693331925104, -0.5544047013342615], [-3.170532637033285, 1.8489292448929118, 2.2516596033021408], [-0.7652247557163132, -1.2793592939528802, 3.3090596860992347]]}